group,n,converged,scr,rtt_ms_mean,rtt_ms_std,attempts_mean,disturbed_rate,parse_noise_rate,set_fault_rate,probe_fault_rate
G1_text_proxy,100,56,0.560000,18.389,1.826,1.000,0.340000,0.130000,0.000000,0.000000
G2_m_no_o,100,66,0.660000,18.598,1.784,1.000,0.340000,0.000000,0.000000,0.000000
G3_m_with_o,100,100,1.000000,24.424,9.990,1.340,0.340000,0.000000,0.000000,0.000000
G4_m_with_o_no_retry,100,66,0.660000,18.572,1.765,1.000,0.340000,0.000000,0.000000,0.000000
