n_devices,bytecode_size,exec_steps,compile_time_us
2,39,20,111.60003487020731
3,35,18,76.60000119358301
4,39,20,72.69997149705887
5,37,19,72.60008715093136
6,39,20,70.59995550662279
